Code,Libellé
1,carpet (tapis)
2,concrete (béton)
3,"asphalt (asphalte, enrobé)"
4,cork (liège)
5,fibreglassGrating (caillebotis en fibre de verre)
6,glazedCeramicTiles (carreaux de céramique émaillés)
7,plasticMatting (matière plastique)
8,ceramicTiles (carrelage)
9,rubber (caoutchouc)
10,steelPlate (plaques métalique)
11,vinyl (vynil)
12,wood (bois)
13,"stone (pierre, pavé)"
14,grass (gazon)
15,dirt (terre)
16,gravel (graviers)
17,uneven (matériau inégal par nature)
18,stabilisé (sable stabilisé)
98,autre
