Code,Libellé,Définition
1,aucun,
2,à droite,"par rapport au sens direct du tronçon (nœud initial vers nœud final) pour les objets linéaires et par rapport au sens ""extérieur vers intérieur"" pour les objets ponctuels."
3,à gauche,"par rapport au sens direct du tronçon (nœud initial vers nœud final) pour les objets linéaires et par rapport au sens ""extérieur vers intérieur"" pour les objets ponctuels."
4,des deux côtés,
5,en face,valeur uniquement utilisable pour l'attribut autrePorteSortie des ascenseurs et élévateurs
6,au milieu,
